method,image_id,Dice,HD95,JI,Sensitivity,PPV,inference_seconds
Source-only,MCUCXR_0001_0,0.9601442150114716,0.0,0.923343629830423,0.9247427236567966,0.9983641196919092,0.002910400042310357
Source-only,MCUCXR_0002_0,0.9438379379655539,1.0,0.8936487797596836,0.8978031041463598,0.9948487869724161,0.0032375999726355076
Source-only,MCUCXR_0003_0,0.9583577351046451,0.0,0.9200449783985323,0.9334694367719467,0.9846095382861486,0.003507500048726797
Source-only,MCUCXR_0004_0,0.9410800473545214,1.0,0.8887168902648779,0.8910156923607518,0.9971053647240448,0.0028659000527113676
Source-only,MCUCXR_0005_0,0.9429033267285432,1.0,0.8919745474276131,0.8951537052621157,0.9960341503717984,0.003710000077262521
Source-only,MCUCXR_0006_0,0.892411333465425,2.23606797749979,0.8057245080500894,0.8060705848664901,0.9994674241079354,0.0030282000079751015
Source-only,MCUCXR_0008_0,0.953297497254494,0.0,0.9107626042299409,0.9135877693458151,0.9966161097347271,0.002923899795860052
Source-only,MCUCXR_0011_0,0.979135221521797,0.0,0.9591233257957906,0.9638736743969234,0.9948878330426415,0.002836100058630109
Source-only,MCUCXR_0013_0,0.7829815858067771,28.160255680657446,0.6433605084979964,0.6463973344439816,0.9927505330490405,0.003035800065845251
Source-only,MCUCXR_0015_0,0.959157693735745,0.0,0.9215206645263212,0.925577110098787,0.9952666629974132,0.0028834000695496798
Source-only,MCUCXR_0016_0,0.8660654889496637,7.0,0.7637702887686592,0.7651668516946385,0.9976160068114092,0.0028529998380690813
Source-only,MCUCXR_0017_0,0.9749937609183928,0.0,0.9512076353720296,0.9567048682535018,0.9939955220842662,0.0022863000631332397
Source-only,MCUCXR_0019_0,0.9793427483595712,0.0,0.9595216678131118,0.9610981556073775,0.9982934214148087,0.002222200157120824
Source-only,MCUCXR_0020_0,0.9699273912297753,0.0,0.9416107010046068,0.9459158070811263,0.9951897694609022,0.003968999953940511
Source-only,MCUCXR_0021_0,0.9436676525947836,1.0,0.8933435153366425,0.8961378870092563,0.9965216156740258,0.0031173001043498516
Source-only,MCUCXR_0022_0,0.9619128814164205,0.0,0.9266205737423125,0.9309233248906286,0.9950367119241971,0.003580200020223856
Source-only,MCUCXR_0023_0,0.9257843033695997,2.0,0.8618234738829452,0.8645438762626263,0.9963621481515166,0.003288799896836281
Source-only,MCUCXR_0024_0,0.954130877534756,0.0,0.9122851579036492,0.9145306399592599,0.9973158089596446,0.003431500168517232
Source-only,MCUCXR_0026_0,0.9742796535266042,0.0,0.9498492029297716,0.9527225583405359,0.9968348706818593,0.0026950000319629908
Source-only,MCUCXR_0027_0,0.9549439053425202,0.0,0.9137728684846392,0.9157960285061925,0.9975881820922521,0.002716700080782175
Source-only,MCUCXR_0028_0,0.960335100017097,0.0,0.9236967604012498,0.9306602601275785,0.9919646799116998,0.0030851999763399363
Source-only,MCUCXR_0029_0,0.9396363161503053,1.0,0.8861453201970443,0.8905321782178218,0.9944717020247391,0.0022720000706613064
Source-only,MCUCXR_0030_0,0.9413475741393024,1.0,0.8891941785085649,0.8894996779042302,0.9996138996138996,0.0029839000198990107
Source-only,MCUCXR_0031_0,0.9710534431863241,0.0,0.9437355485141732,0.9454763845394878,0.9980528007969932,0.003386199939996004
Source-only,MCUCXR_0035_0,0.9721811272590143,0.0,0.9458681417927297,0.9512915129151291,0.9940087792146162,0.0027163999620825052
Source-only,MCUCXR_0038_0,0.9565339868728696,0.0,0.9166891636520706,0.9439039306165564,0.969506624029237,0.0019662000704556704
Source-only,MCUCXR_0040_0,0.971431778638379,0.0,0.9444505074757176,0.9521399493893717,0.9915215398716773,0.0018811000045388937
Source-only,MCUCXR_0041_0,0.9765652951699463,0.0,0.9542038105226359,0.9584759898165218,0.9953505333211778,0.00220289989374578
Source-only,MCUCXR_0042_0,0.9676007472644782,0.0,0.9372350325716058,0.9427917620137299,0.9937506852318825,0.002058700192719698
Source-only,MCUCXR_0043_0,0.9679695982627579,0.0,0.9379274066280905,0.9521666158071407,0.9843059936908517,0.0028751001227647066
Source-only,MCUCXR_0044_0,0.9649451277472132,0.0,0.932264707519341,0.9477734397102925,0.9827505280450598,0.0027828000020235777
Source-only,MCUCXR_0045_0,0.9672093157986211,0.0,0.9365008133729735,0.9378159757330637,0.9985047846889952,0.002576200058683753
Source-only,MCUCXR_0046_0,0.9735509285312324,0.0,0.9484649122807017,0.9528530513328927,0.99516797054763,0.002294100122526288
Source-only,MCUCXR_0047_0,0.974998460496336,0.0,0.9512165815560228,0.9532209512341963,0.9977943029997479,0.002076599979773164
Source-only,MCUCXR_0048_0,0.9556018461789814,0.0,0.9149784904184591,0.9159815206326835,0.9988046448087432,0.0027065000031143427
Source-only,MCUCXR_0049_0,0.9521364009860313,0.0,0.9086453636541855,0.9095963890887683,0.9988506572803678,0.002537399996072054
Source-only,MCUCXR_0051_0,0.9761042722664736,0.0,0.9533239038189534,0.9568766637089618,0.9961204507666728,0.0026094999630004168
Source-only,MCUCXR_0052_0,0.9544168842471714,0.0,0.9128082405576943,0.917006376084457,0.9950096404672791,0.002684500068426132
Source-only,MCUCXR_0053_0,0.9608115220823963,0.0,0.9245786904871535,0.9288555833102045,0.9950445986124876,0.003436699975281954
Source-only,MCUCXR_0054_0,0.9610682965718841,0.0,0.9250543547768256,0.9275455244934598,0.9971050454921423,0.002655699849128723
Source-only,MCUCXR_0055_0,0.9612605879422023,0.0,0.9254107207099173,0.9270783277270543,0.9980600103466115,0.002694800030440092
Source-only,MCUCXR_0056_0,0.8729117876658861,13.341664064126334,0.7744840005540934,0.774967080185737,0.9991957823250827,0.0027330999728292227
Source-only,MCUCXR_0057_0,0.9556964103911458,0.0,0.9151518963456822,0.9172865968982474,0.9974634948927127,0.002669899957254529
Source-only,MCUCXR_0058_0,0.9641713675865223,0.0,0.9308213129231675,0.9481970162680861,0.9806931844615027,0.0027202002238482237
Source-only,MCUCXR_0059_0,0.9767600431842718,0.0,0.9545757441137273,0.9597454078499247,0.9943888471105455,0.004442400066182017
Source-only,MCUCXR_0060_0,0.947980512336948,1.0,0.9011054675829101,0.9320148331273177,0.9645027182603134,0.0031879001762717962
Source-only,MCUCXR_0061_0,0.9699267121556735,0.0,0.9416094210009813,0.954726368159204,0.9856189008731382,0.0026184997987002134
Source-only,MCUCXR_0062_0,0.9610786657782308,0.0,0.9250735682486984,0.927593251115987,0.9970722186076773,0.002324200002476573
Source-only,MCUCXR_0063_0,0.9714095341934702,0.0,0.9444084565102173,0.9457451200094357,0.9985056970300729,0.002691800007596612
Source-only,MCUCXR_0064_0,0.9329704955600114,1.0,0.8743624161073825,0.8747146501947093,0.9995396654902563,0.0029907000716775656
Source-only,MCUCXR_0068_0,0.9320374370050396,1.0,0.8727248213563435,0.8760319393693328,0.9956929703122597,0.0021144000347703695
Source-only,MCUCXR_0069_0,0.9488395170626827,1.0,0.9026590444223003,0.9066533213928252,0.9951431049436253,0.002876199781894684
Source-only,MCUCXR_0070_0,0.9700485582914357,0.0,0.9418391188251002,0.9447560056918055,0.9967326033203815,0.0030102001037448645
Source-only,MCUCXR_0071_0,0.977793548005559,0.0,0.956551923633208,0.9680327868852459,0.987753151323257,0.0035149999894201756
Source-only,MCUCXR_0072_0,0.9476973067549834,1.0,0.9005938242280285,0.9016646848989298,0.9986829974976953,0.0030193000566214323
Source-only,MCUCXR_0074_0,0.9417251487963045,1.0,0.8898682111978511,0.891439623276152,0.9980229711918659,0.002600699895992875
Source-only,MCUCXR_0075_0,0.9800596223915203,0.0,0.9608989347882567,0.9659179942543745,0.9946214871588006,0.0033161998726427555
Source-only,MCUCXR_0077_0,0.9755039113801176,0.0,0.9521792442314123,0.9682611652686466,0.9828558278679094,0.0029313000850379467
Source-only,MCUCXR_0079_0,0.9630150343545205,0.0,0.9286682702820905,0.9289526642750897,0.9996704486606092,0.0023949998430907726
Source-only,MCUCXR_0080_0,0.8047508690614137,44.721359549995796,0.6732913233155599,0.9524136039495338,0.6967295345104334,0.002989900065585971
Source-only,MCUCXR_0081_0,0.9744360016492902,0.0,0.9501464591350296,0.9655071787089996,0.9835315101070154,0.0029664000030606985
Source-only,MCUCXR_0082_0,0.9732233230070853,0.0,0.9478432309714422,0.9576844138597127,0.989274802020328,0.0032726998906582594
Source-only,MCUCXR_0083_0,0.9539213290984608,0.0,0.9119020926756353,0.9122856208234029,0.9995391941016845,0.0031262999400496483
Source-only,MCUCXR_0084_0,0.9131137352392791,2.8284271247461903,0.8401189387008234,0.8408241129339946,0.999002719854941,0.002867399947717786
Source-only,MCUCXR_0085_0,0.9188497960876477,2.0,0.8498817211175757,0.8508064516129032,0.9987227648384673,0.0029770999681204557
Source-only,MCUCXR_0086_0,0.9345120288516515,1.0,0.8770742177825477,0.8851858023662723,0.9896599906846762,0.0036138000432401896
Source-only,MCUCXR_0087_0,0.9783459895586142,0.0,0.9576098948957668,0.960174672489083,0.9972183588317107,0.003225799882784486
Source-only,MCUCXR_0089_0,0.745739500912964,17.11724276862369,0.594565085527114,0.6040673788003287,0.9742247548369998,0.002054099924862385
Source-only,MCUCXR_0090_0,0.9758537913783712,0.0,0.9528461689974395,0.9557829849448769,0.9967856259787357,0.0036472000647336245
Source-only,MCUCXR_0091_0,0.9803899470303167,0.0,0.9615342102354372,0.9655899655899656,0.995650681011789,0.002443899866193533
Source-only,MCUCXR_0092_0,0.9471856365900007,1.0,0.8996701313250762,0.9018592463189419,0.9973092314060991,0.003234799951314926
Source-only,MCUCXR_0094_0,0.9178615174003891,2.23606797749979,0.848192289766296,0.8484182484182484,0.9996861021737424,0.003770099952816963
Source-only,MCUCXR_0095_0,0.9690953362052819,0.0,0.9400436046511628,0.9430849851902483,0.9965811142678288,0.0030909001361578703
Source-only,MCUCXR_0096_0,0.9634206480433963,0.0,0.9294229585268932,0.9327117501685015,0.9962205291259224,0.0024320001248270273
Source-only,MCUCXR_0097_0,0.9707259580161183,0.0,0.9431171081950978,0.9443445925007747,0.9986236728273693,0.0032116000074893236
Source-only,MCUCXR_0099_0,0.9779060833934766,0.0,0.9567673454512323,0.9579019384264538,0.9987635533574282,0.0022752999793738127
Source-only,MCUCXR_0100_0,0.9781077816081793,0.0,0.9571535666916556,0.9611442469164398,0.9956808638272345,0.0029582001734524965
Source-only,MCUCXR_0101_0,0.9806309169370756,0.0,0.9619978997112103,0.9654831697516633,0.9962615551930397,0.0022863999474793673
Source-only,MCUCXR_0102_0,0.9735440098356177,0.0,0.9484517789016059,0.950771556899542,0.9974341031024027,0.003432000055909157
Source-only,MCUCXR_0103_0,0.9738892905921106,0.0,0.9491074224866897,0.953137285736751,0.9955650459921156,0.0032046998385339975
Source-only,MCUCXR_0104_1,0.9758204971613399,0.0,0.9527826855123674,0.9572645779710659,0.9951100244498777,0.0032557998783886433
Source-only,MCUCXR_0108_1,0.9530239580662622,0.0,0.9102633870265564,0.9105606967882417,0.9996414271200621,0.002127199899405241
Source-only,MCUCXR_0113_1,0.8989959746448897,4.0,0.8165237855101698,0.8183809283126948,0.9972284951755286,0.003098999848589301
Source-only,MCUCXR_0117_1,0.9416605705925384,1.0,0.8897528944185242,0.8964136490250696,0.9917180277349769,0.0034292000345885754
Source-only,MCUCXR_0126_1,0.8060101375814627,37.65833141164624,0.6750560980047304,0.6762865301658667,0.9973120688110384,0.002234600018709898
Source-only,MCUCXR_0140_1,0.9795712334461666,0.0,0.9599604260024442,0.9629305312317572,0.9967971960357748,0.0028146998956799507
Source-only,MCUCXR_0141_1,0.8254140646212327,18.788294228055936,0.7027276930189551,0.7135845674533737,0.9788081020957733,0.004105099942535162
Source-only,MCUCXR_0142_1,0.967484093743006,0.0,0.9370161639933114,0.9388185654008439,0.9979552799947233,0.0030861999839544296
Source-only,MCUCXR_0144_1,0.9352062694070679,1.0,0.8782980614342054,0.8783956446864063,0.9998735297837359,0.0026495999190956354
Source-only,MCUCXR_0150_1,0.8721287029336698,24.331050121192877,0.773251970505975,0.7744334097275274,0.9980309792596482,0.002798900008201599
Source-only,MCUCXR_0162_1,0.9094879450955925,4.242640687119285,0.8340008173273395,0.834785454247965,0.9988742597033919,0.0029799998737871647
Source-only,MCUCXR_0166_1,0.9375639713408394,1.0,0.882466281310212,0.8839371874725853,0.9981178801386825,0.002764199860394001
Source-only,MCUCXR_0170_1,0.9317296213708134,1.4142135623730951,0.8721852070506874,0.8736957715540912,0.998021617448369,0.00224309996701777
Source-only,MCUCXR_0173_1,0.9668510855920778,0.0,0.9358293582935829,0.9537262095849576,0.98034224296422,0.003378600114956498
Source-only,MCUCXR_0182_1,0.9697481930519934,0.0,0.9412729844413013,0.9444255222524978,0.9964662194537613,0.0030903001315891743
Source-only,MCUCXR_0188_1,0.9181748170966499,2.23606797749979,0.8487275315892507,0.8503164839083533,0.997803117480908,0.0036863000132143497
Source-only,MCUCXR_0194_1,0.9629165291982844,0.0,0.9284850798498441,0.9340715611598285,0.9935997821202424,0.0030673998408019543
Source-only,MCUCXR_0195_1,0.9653439153439154,0.0,0.9330094604960368,0.9397978237074238,0.9923176286627235,0.003017999930307269
Source-only,MCUCXR_0196_1,0.9613572101790764,0.0,0.925589836660617,0.9315361844177111,0.9931506849315068,0.002885200083255768
Source-only,MCUCXR_0203_1,0.958000469924812,0.0,0.9193866621568296,0.9515724371316879,0.9645159382577325,0.0029064000118523836
Source-only,MCUCXR_0213_1,0.9703955500618047,0.0,0.9424935470316346,0.9436264198569626,0.9987278162966733,0.003135200124233961
Source-only,MCUCXR_0218_1,0.9734732283261581,0.0,0.9483174284279257,0.9494619330182038,0.9987304945781539,0.0022316998802125454
Source-only,MCUCXR_0223_1,0.9663293686016924,0.0,0.9348523013510419,0.9373744331553872,0.9971301215118764,0.0028885998763144016
Source-only,MCUCXR_0228_1,0.9600092799350405,0.0,0.9230940828732362,0.924124839484116,0.9987931450639633,0.003010299988090992
Source-only,MCUCXR_0243_1,0.9721988205560236,0.0,0.9459016393442623,0.948745654420746,0.9968409102127449,0.0029412000440061092
Source-only,MCUCXR_0251_1,0.8949619939897472,5.0,0.8098925006398772,0.8490072444325194,0.946176272706885,0.0028810000512748957
Source-only,MCUCXR_0253_1,0.9801927824144822,0.0,0.9611549766584059,0.9636542239685658,0.9973089343379978,0.002566500101238489
Source-only,MCUCXR_0254_1,0.8656274768824307,15.018313008104954,0.7630892491149618,0.7646921532931895,0.997260607536373,0.002719599986448884
Source-only,MCUCXR_0255_1,0.9733124751920428,0.0,0.9480123715091422,0.9490483562517075,0.9988498586284564,0.002092899987474084
Source-only,MCUCXR_0258_1,0.8231729613958105,13.0,0.6994850852272727,0.7020404526418961,0.9948232323232323,0.002700299955904484
Source-only,MCUCXR_0264_1,0.9657829278650731,0.0,0.9338299994133865,0.9366321487408802,0.9968065122103945,0.0021071999799460173
Source-only,MCUCXR_0266_1,0.6389433252332053,21.18962010041709,0.4694465242181651,0.47020478800115373,0.9965765986061865,0.002799200126901269
Source-only,MCUCXR_0275_1,0.9597457627118644,0.0,0.9226069246435845,0.9273029045643153,0.994541031270397,0.0025909999385476112
Source-only,MCUCXR_0282_1,0.9325851789905312,1.0,0.873685806712495,0.8745699251163732,0.998844264663392,0.00405970006249845
Source-only,MCUCXR_0289_1,0.9614113915686534,0.0,0.9256902913856725,0.9271059003440806,0.9983532317826266,0.002675000112503767
Source-only,MCUCXR_0294_1,0.9581833089729421,0.0,0.9197235149192444,0.9244685973722226,0.9944501997928075,0.0028103000950068235
Source-only,MCUCXR_0301_1,0.7939904951709337,9.0,0.6583617226826664,0.6586966475047057,0.9992282759685137,0.0028429999947547913
Source-only,MCUCXR_0309_1,0.8352272727272727,11.180339887498949,0.7170731707317073,0.7180645161290322,0.9980784012298232,0.0025891000404953957
Source-only,MCUCXR_0311_1,0.8388232621535665,8.0,0.722390687665069,0.7234521943573667,0.9979729729729729,0.0021714000031352043
Source-only,MCUCXR_0313_1,0.9448286367098249,1.0,0.8954267236401432,0.9061532168526851,0.9869526476578412,0.001987600000575185
Source-only,MCUCXR_0316_1,0.9582357648872158,0.0,0.9198201786832072,0.9231823633559884,0.9960561991619423,0.002517899964004755
Source-only,MCUCXR_0331_1,0.9761986346503598,0.0,0.9535039390350651,0.955817074429648,0.9974683544303797,0.0025501998607069254
Source-only,MCUCXR_0334_1,0.9826144658261446,0.0,0.965823115053483,0.9752370916754478,0.9901043059641615,0.0029865000396966934
Source-only,MCUCXR_0338_1,0.8937070563856473,13.892443989449804,0.8078394258448677,0.8130332976147954,0.9921542037969779,0.002584399888291955
Source-only,MCUCXR_0348_1,0.8865360142529906,4.0,0.7961963975496023,0.796269202633504,0.9998851762544494,0.0026076999492943287
Source-only,MCUCXR_0350_1,0.9755673797372136,0.0,0.9523001907992368,0.9559480740583103,0.9960088691796009,0.002943500177934766
Source-only,MCUCXR_0352_1,0.9581197407873102,0.0,0.9196063869290754,0.921945771545573,0.997248322147651,0.0029060000088065863
Source-only,MCUCXR_0354_1,0.9483925929247187,1.0,0.9018504306301697,0.9030825719409102,0.9984894259818731,0.0026545000728219748
Source-only,MCUCXR_0362_1,0.9065490377432321,2.23606797749979,0.8290715075801939,0.8300977198697068,0.9985110884726902,0.0026269000954926014
Source-only,MCUCXR_0367_1,0.9663036212794401,0.0,0.9348041080258653,0.9439963125144042,0.9896907216494846,0.002202700125053525
Source-only,MCUCXR_0369_1,0.95634584972969,0.0,0.9163436464867151,0.9175723359209598,0.998540818677521,0.0019809999503195286
Source-only,MCUCXR_0372_1,0.9015137495836263,5.674264014027419,0.8206873315363882,0.8498360198171795,0.9598833543505675,0.003176500089466572
Source-only,MCUCXR_0375_1,0.9452974165670681,1.0,0.8962691771269177,0.8980435542098522,0.9978003493562787,0.002722000004723668
Source-only,MCUCXR_0383_1,0.8855321814095716,8.54400374531753,0.7945785123966942,0.796368696574117,0.9971788914702954,0.0028864999767392874
Source-only,MCUCXR_0387_1,0.9418960244648318,1.0,0.8901734104046243,0.8927097661623109,0.9968184311574328,0.005877800052985549
Source-only,MCUCXR_0390_1,0.9622912551625067,0.0,0.9273230662744419,0.9291989365391284,0.9978277060575969,0.0024733999744057655
Source-only,MCUCXR_0393_1,0.9581906260606622,0.0,0.9197369979860206,0.9216477711165193,0.9977509317568436,0.002538600005209446
Source-only,MCUCXR_0399_1,0.7714298679493579,11.331317649386149,0.6279086946886312,0.628698224852071,0.998003992015968,0.00264340010471642
